ID,sourceNode_ID,targetNode_ID,relationship,evidence,status,confidence
EDGE001,NODE002,NODE001,SUPPLIES,BOM,Confirmed,99.00
EDGE002,NODE003,NODE002,SUPPLIES,BOM + Procurement,Inferred,87.00
EDGE003,NODE003,NODE004,SUPPLIES,Component Mapping,Inferred,87.00
EDGE004,NODE005,NODE003,SUPPLIES,BOM + Supplier Records,Confirmed,95.00
EDGE005,NODE006,NODE005,SHIPS_TO,Shipping Data,Inferred,82.00
EDGE006,NODE007,NODE004,SUPPLIES,Approved Supplier List,Confirmed,96.00
EDGE007,NODE010,NODE008,SUPPLIES,Regional BOM,Confirmed,94.00
EDGE008,NODE010,NODE016,SUPPLIES,Component Mapping,Confirmed,94.00
EDGE009,NODE011,NODE016,SUPPLIES,Approved Supplier List,Confirmed,92.00
EDGE010,NODE011,NODE018,SUPPLIES,Component Mapping,Confirmed,92.00
EDGE011,NODE012,NODE008,SUPPLIES,Regional Procurement,Confirmed,90.00
EDGE012,NODE012,NODE019,SUPPLIES,Component Mapping,Confirmed,90.00
EDGE013,NODE013,NODE019,SUPPLIES,Approved Supplier List,Confirmed,88.00
EDGE014,NODE014,NODE009,SUPPLIES,Memory BOM,Confirmed,91.00
EDGE015,NODE014,NODE017,SUPPLIES,Component Mapping,Confirmed,91.00
EDGE016,NODE015,NODE009,SUPPLIES,Embedded BOM,Inferred,84.00
EDGE017,NODE015,NODE020,SUPPLIES,Component Mapping,Inferred,84.00
EDGE018,NODE021,NODE011,SHIPS_TO,Shipping Data,Inferred,83.00
EDGE019,NODE022,NODE012,SHIPS_TO,Shipping Data,Confirmed,91.00
EDGE020,NODE005,NODE003,SUBCONTRACTS,Process Records,Confirmed,89.00
EDGE021,NODE004,NODE001,USED_BY,Production BOM,Confirmed,95.00
EDGE022,NODE016,NODE008,USED_BY,Production BOM,Confirmed,89.00
EDGE023,NODE017,NODE009,USED_BY,Production BOM,Confirmed,93.00
